"y","x1","x2","lon","lat"
-0.263611388297598,-0.560475646552213,-0.601892845985016,-105.902308719233,-46.5311011718586
0.0740125419767963,-0.23017748948328,-0.993698591098714,159.314057081938,-16.0599234933034
1.92095089392017,1.55870831414912,1.0267850560749,-43.4434348996729,56.0115021653473
0.698913189501029,0.070508391424576,0.751061302606323,45.4464508406818,-21.7545793298632
-0.993162625423065,0.129287735160946,-1.5091665373287,-113.939135307446,-9.54895850736648
3.44116968048079,1.71506498688328,-0.0951474508492868,57.3147425986826,12.6914008520544
1.8872430476035,0.460916205989202,-0.895947822756499,84.4894478470087,-66.3817735249177
3.02538370662569,-1.26506123460653,-2.07075107054196,-1.55540412291884,-87.6566936681047
1.09067991717983,-0.686852851893526,0.150120131188143,132.738747764379,31.9805509457365
0.220274627735618,-0.445661970099958,-0.0792117092585882,119.46166000329,60.3280099667609
4.80586736516359,1.22408179743946,-0.097369267513081,173.987577119842,78.5274266079068
4.05523132302103,0.359813827057364,0.216152541801233,60.0660810247064,-79.4788895035163
-0.162834205133914,0.400771450594052,0.882465164396587,51.4296511374414,30.2446429571137
1.4958988773665,0.11068271594512,0.205597504483387,-163.747697453946,-20.5458226846531
0.529010926426648,-0.555841134754075,-0.616435842873528,-111.295280708,13.7032279092818
2.83702143157286,1.78691313680308,-0.734799251921281,-168.268592264503,-65.013447990641
1.66536394906456,0.497850478229239,-0.131802793041181,124.990012049675,-43.9499064115807
-1.92819928414645,-1.96661715662964,0.310016986578952,-27.1953878458589,-33.6490408563986
2.15857840730412,0.701355901563686,-1.03968035270204,114.193237898871,38.721205224283
2.42630689761216,-0.472791407727934,-0.184308868842384,-125.402402440086,-56.0376848001033
-0.308529146974653,-1.06782370598685,0.967267260167914,-33.8961219694465,-64.4073678273708
0.695177384945256,-0.217974914658295,-0.108280091234486,80.1032153517008,13.3400909649208
1.78729464796999,-1.02600444830724,-0.69842066759439,-158.531821751967,-81.1529509071261
1.3980668077777,-0.72889122929114,-0.27594516842554,-61.0742796398699,-11.6986227175221
-1.48292079626928,-0.625039267849257,1.11464854536198,99.6350406948477,-3.1121709337458
-0.285810863695985,-1.68669331074241,0.550043961214136,122.565364250913,-6.33295787964016
2.95277413024887,0.837787044494525,1.23667580008161,133.409350896254,-2.48365132603794
2.49624548703982,0.153373117836515,0.139097857161771,163.095084568486,42.7652792958543
0.386359525257544,-1.13813693701195,0.410275096490425,-41.7759291082621,88.3775361254811
2.89180981767328,1.25381492106993,-0.558456912348133,162.227507969365,61.2735045701265
-0.0373750356863327,0.426464221476814,0.605370668930333,73.4776652231812,-69.8532620212063
1.21597444314433,-0.295071482992271,-0.506333542189239,-28.0866982229054,65.0559377018362
1.18782124505692,0.895125661045022,-1.42056550469574,-39.1262061707675,12.213231800124
1.20609083222425,0.878133487533042,0.127992965684126,-104.195971582085,32.9902055813
2.00911318377016,0.821581081637487,1.94585121773144,90.8928651362658,52.1289861761034
0.173744789717011,0.688640254100091,0.800914339573062,-19.7719738259912,-17.5454040197656
1.36047635671925,0.553917653537589,1.16525338994626,-16.8066567275673,63.5898940963671
1.27114595408222,-0.0619117105767217,0.358855723093152,-150.029690656811,-55.8710041595623
0.992708992342564,-0.305962663739917,-0.608557178316224,-48.5391496494412,-0.770106045529246
2.57848427755859,-0.380471001012383,-0.202240855110284,142.183046098799,-68.3920171391219
-0.496138479668083,-0.694706978920513,-0.273248106811925,15.9976245369762,-48.8406048808247
1.58040637295455,-0.207917278019599,-0.468699779782087,-168.902256097645,72.9896213673055
-0.312497833884194,-1.26539635156826,0.704167283929716,-40.1640900503844,-4.72052282653749
2.83354157914651,2.16895596533851,-1.19736350236541,-139.177711447701,7.28582025971264
2.17055099286254,1.20796199830499,0.866366132112773,-80.1883947663009,85.283157415688
-1.17813320311438,-1.12310858320335,0.864152486225893,79.0271391626447,85.0372238690034
-0.276172077037041,-0.402884835299076,-1.19862235906875,-44.6309334039688,33.3647045306861
-0.0596527577521581,-0.466655353623219,0.639491997900534,48.4055836033076,50.3926475672051
2.64666124872115,0.779965118336318,2.43022665234451,-1.17079471237957,-86.3184208609164
1.15623416601754,-0.0833690664718293,-0.557215481941608,110.695124790072,41.1238333024085
1.28061793700127,0.253318513994755,0.844904241408072,29.5878269243985,76.085720253177
1.02197651172932,-0.028546755348703,-0.782201845619403,-118.07539078407,-10.717596388422
1.10298294065993,-0.0428704572913161,1.1107114182028,157.424774263054,37.0034606102854
1.06825486821645,1.36860228401446,0.249824719926562,-160.628085108474,57.0104623725638
1.48171906055428,-0.225770985659268,1.65191539162316,-148.596412623301,-2.41032358724624
3.23557296234606,1.51647060442954,-1.45897072853692,122.960882037878,61.7398951621726
-1.03006570023827,-1.54875280423022,-0.0512978861253612,-28.479866059497,-1.28271126653999
1.68032179835853,0.584613749636069,-0.526925176125598,78.2949789986014,-86.8195406952873
1.8745944752977,0.123854243844614,-0.197264869076299,85.014263195917,-10.7162535656244
1.91935785985558,0.215941568743973,-0.629578742686005,175.4893962387,-3.97356068249792
3.03579867624529,0.379639482759882,-0.833843580535001,165.94816303812,18.2233033049852
-0.188463229767227,-0.502323453109302,0.57872237461645,-128.954255618155,-10.215589790605
2.17584492277794,-0.33320738366942,-1.08758071407693,59.3824737053365,-34.7080602915958
0.776478423988663,-1.01857538310709,1.48403093155628,-168.064472805709,31.1380589520559
0.335945862510808,-1.07179122647558,-1.18620658531375,-1.9751938059926,19.6405675448477
0.236572474882938,0.303528641404258,0.10107915139528,104.886872163042,85.262137404643
0.109525845971081,0.448209778629426,0.532989286826481,-43.4844887070358,-58.3497517788783
1.32416973760159,0.0530042267305041,0.586735339092625,161.387770101428,85.1807654695585
1.75721123974281,0.922267467879738,-0.30174666386638,57.8432809375226,14.277084977366
4.39531981675465,2.05008468562714,0.079501995328401,-24.2045657057315,42.8625468816608
0.853933782108073,-0.491031166056535,0.961264151809677,121.925735352561,65.8472200389951
-0.782340200553218,-2.30916887564081,-1.45646591707643,109.691540244967,26.5474987076595
1.01357048453232,1.00573852446226,-0.781739711532082,-26.2575701437891,35.0453012203798
-0.245882978966149,-0.709200762582393,0.32040231431661,-61.4194165728986,89.2629788769409
0.925916093224542,-0.688008616467358,-0.444781978336992,23.41458465904,62.8872119961306
0.958521250509409,1.0255713696967,1.370003993971,130.042501911521,47.8480028919876
1.08443555558343,-0.284773007051009,0.673253863354836,30.913568912074,-65.220241821371
-0.332562247697837,-1.22071771225454,0.0721667524147558,52.243246184662,-72.8659918578342
1.49181007026585,0.18130347974915,-1.50775731753668,96.1502650380135,3.93268084153533
0.150547169643064,-0.138891362439045,0.0261002253262418,69.4285286497325,-55.3570250188932
3.00457969408771,0.00576418589988693,-0.316415868196993,132.047165818512,41.663732053712
1.67155000642764,0.38528040112633,-0.102346513520598,-145.908881183714,-0.974343814887106
1.28857338318223,-0.370660031792409,-1.18155922705569,39.5781459007412,-64.303352390416
-0.325958589217978,0.644376548518833,0.498658043829925,-93.2850757241249,61.4190544327721
1.79508958218644,-0.220486561818751,-1.03895644030703,-10.9290027804673,79.4347126828507
0.309668576685568,0.331781963915697,-0.22622198144241,-77.7880487870425,-39.9658541427925
0.871521887329775,1.09683901314935,0.381425829451352,150.638860305771,-62.9317282000557
2.50154110039261,0.435181490833803,-0.783515789013048,-36.0921422950923,37.2012196714059
0.111656663362769,-0.325931585531227,0.582991405680064,23.5240777116269,11.7609469871968
0.565626935253202,1.14880761845109,-1.31651040165169,-150.884275557473,-73.7095606327057
4.40763959834721,0.993503855962119,-2.80977467896054,159.372066557407,10.8612732728943
-1.07817975502182,0.54839695950807,0.464967990785852,84.8802979197353,20.7468113768846
1.51163496986044,0.238731735111441,0.840539826961,-8.88760216534138,8.71558841317892
1.60067801533053,-0.627906076039371,-0.285845423591384,-114.536430481821,-19.1716292314231
1.30631621578599,1.36065244853001,0.504126254591608,82.9320769943297,-14.9997328966856
1.31085433921895,-0.600259587147127,-1.15591652508367,41.2657358217984,72.8839658852667
3.22714136484952,2.18733299301658,-0.127148606825662,-158.025027578697,31.2519571557641
3.84916716667485,1.53261062618519,-1.94151837604062,-160.813662037253,81.8622417608276
0.941184833240584,-0.235700359100477,1.18118089143852,-16.1077266186476,-62.7782675810158
-0.623993757800898,-1.02642090030678,1.85991086154316,-114.853630699217,10.7534948643297
1.02546312889617,-0.710406563699301,1.07401226028199,-3.12986735254526,-72.2455648519099
2.01433341375911,0.25688370915653,-0.0273469664137418,173.473721360788,22.2209940198809
-0.123923434222916,-0.246691878462374,-0.0333303422759193,-99.3160413857549,-43.8529032329097
-0.224001226568588,-0.347542599397733,-1.5160676231511,76.5103159099817,-3.73201837297529
0.161867083014697,-0.951618567265016,0.790385343888228,-125.954618649557,-4.11416886840016
0.753235699585214,-0.0450277248089203,-0.210734180691776,9.26130219362676,59.4884549500421
-0.416439810519634,-0.784904469457076,-0.656742925361075,118.251296421513,71.2039522826672
0.173184868042016,-1.66794193658814,-1.41202579265831,-134.3302040454,13.8376297987998
-0.534248993723234,-0.380226520287762,-0.299762496646272,115.085981413722,79.8831164650619
2.15114197907982,0.918996609060766,-0.849061135016708,-91.4387701079249,-37.469645133242
0.0339031984697176,-0.575346962608392,-0.397030520327837,-145.073532415554,22.5574697647244
2.80881572830159,0.607964322225033,-1.2175999877636,-121.067476747558,21.6330954199657
1.62390612964649,-1.61788270828916,1.6875894829457,59.1678734309971,26.7512134462595
0.0443719420559672,-0.0555619655245394,-0.0160025272079689,63.8741220440716,-47.7160905115306
2.15070641091603,0.519407203943462,1.07494507727239,-132.137324586511,-17.3244720557705
2.84658231857895,0.301153362166714,-2.60169967025765,172.628634497523,-59.2290321970358
1.15030608001225,0.105676194148943,-0.453197829994837,-127.219508774579,3.44934518449008
0.236433506776306,-0.640706008305376,-0.675482291592071,159.054031418636,15.1850484358147
2.26242208382039,-0.849704346033582,-1.22292617936591,72.1266281604767,-75.5859275255352
-2.28874359698741,-1.02412879060491,1.5466091542241,24.466645270586,41.2024545483291
0.875507062017285,0.117646597100126,-1.41528191976949,-91.3143638055772,20.5319752776995
-1.29034021312803,-0.947474614184802,0.318390260408025,-57.286248318851,30.7612368324772
1.74893659831163,-0.490557443700668,0.846436285579692,122.314300350845,-36.6959593025967
0.550965757071138,-0.256092192198247,0.178190188418023,151.747727841139,-25.0976696843281
2.21299504796475,1.84386200523221,-0.875255477495516,5.53135938942432,23.591931941919
3.38013481069271,-0.651949901695459,0.941165806724167,139.720391398296,82.8190686134622
1.08709556538801,0.235386572284857,0.170588081840838,73.4659930877388,-24.357893387787
0.937668739699058,0.0779608495637108,-1.06349790638204,-27.4453957099468,-54.3618145817891
0.94679465711266,-0.961856634130129,-1.38804904760206,-71.9031227845699,-44.2604225641116
-1.25148632000179,-0.0713080861235987,2.08671743449315,166.818398628384,-2.64551769476384
2.84949427303628,1.44455085842335,-0.678503145418437,-135.064585413784,-15.6093032006174
1.82171153755882,0.451504053079215,-1.85557165391804,64.9225918482989,-30.9158405754715
1.3415336512984,0.0412329219929399,0.533259362753652,115.142091717571,-25.767905311659
-0.413437178627822,-0.422496832339625,0.310230256060895,-102.141064116731,33.094665762037
-1.25943131866358,-2.05324722154052,-1.3538343357226,33.8713844586164,65.3668677108362
1.79454203152974,1.13133721341418,-1.94295641358195,-121.789464969188,-5.58562747668475
-0.901610874685058,-1.46064007092482,-0.116302517158606,-34.010452972725,14.9142775917426
2.54918908787263,0.739947510877334,1.13939629170942,-94.0013643354177,-0.259205745533109
3.91559120662743,1.90910356921748,0.636124035182149,9.93558439426124,30.1154143363237
-0.164125254567914,-1.4438931609718,-0.492937424161977,61.5437284111977,33.8171872403473
1.4527473771904,0.701784335374711,-0.834188231584378,146.723389271647,-70.6806134898216
0.379883151031194,-0.262197489402468,0.271066756750545,-60.1930143032223,-69.8023316496983
-0.235684853628221,-1.57214415914549,0.157353347216158,-92.6868602167815,77.9004316683859
-0.303743413332165,-1.51466765378175,0.629711746692728,-68.4040549769998,-14.0623424621299
0.127544833992564,-1.60153617357459,-0.395797950288896,-98.3500074315816,11.3960673613474
-0.441210374743428,-0.530906522170303,0.8993540532031,-135.718871578574,82.1235938183963
-0.767057398616164,-1.4617555849959,-0.830811527336248,-83.6079748068005,-54.7342069074512
2.84657449216273,0.687916772975828,-0.330544700119963,152.515309341252,-49.7256398526952
1.90921543419944,2.10010894052567,0.740814523725905,-159.665702562779,21.8442557612434
-0.0235701681908262,-1.28703047603518,0.989971608627113,0.523852854967117,60.2219947753474
2.15477195461282,0.787738847475178,-1.93850470145338,105.762937031686,55.4343074653298
0.625227278545213,0.76904224100091,0.107190407016153,121.65384426713,-62.8067784989253
1.67419026905121,0.332202578950118,0.60877901173463,27.4585205968469,-75.0188402691856
0.801650880918538,-1.00837660827701,-1.45082431349063,-92.9339676070958,50.2075119875371
2.16003359094542,-0.119452606630659,0.480625599875217,29.5424009487033,81.8093255069107
1.14159559760983,-0.280395335170247,-0.828174270396797,-130.494395792484,21.3122575404122
0.812769964726202,0.56298953322048,1.02025301216443,-6.22356335632503,-11.3010654877871
0.818799298791508,-0.372438756103829,0.538482032102641,-146.27317939885,29.5958662591875
0.365271371814475,0.976973386685621,0.76905229499561,-70.2109699230641,66.4006341900676
-0.171774538393318,-0.374580857767014,0.120719329287034,63.6139276530594,0.471861627884209
2.09334789335557,1.05271146557933,0.863648434157753,-106.15140421316,5.18454486038536
-0.586616865051163,-1.04917700666607,1.38051452831454,-37.8293378278613,48.7338368687779
-0.663959546795643,-1.26015524475811,1.96624801545563,109.027118179947,-23.4387011546642
3.48612875495669,3.2410399349424,-0.028395054749065,-97.8045499697328,79.2904856102541
0.690716637796847,-0.416857588160432,-2.2490510903324,-152.313293572515,-84.0134209161624
-0.789564387228042,0.298227591540715,0.0315260045939917,100.160966813564,-29.1100507322699
1.79642234686868,0.636569674033849,0.205561208449975,61.2502908054739,-65.5868612788618
1.42121861122318,-0.483780625708744,-0.155345347144399,3.9994825143367,-29.3175416020676
-0.0457131861323603,0.516862044313609,0.568288620777075,-102.959258314222,-2.96778565272689
2.4743709510124,0.368964527385086,1.01067796451426,-112.430412434042,46.2882162909955
1.36824514662423,-0.215380507641693,-0.517982430167822,40.0129832793027,53.3021388854831
2.48210331996096,0.0652930335253153,-0.29409532715611,-166.053063729778,-15.0374482758343
-0.103776936873161,-0.034067253738464,0.397842208800339,-97.4014007952064,-84.6108318027109
3.03460993001394,2.12845189901618,-0.550223741489138,116.617640275508,78.9033609582111
0.279536948996458,-0.741336096272828,0.0912673834882354,-71.8674300424755,74.7904746886343
1.48022269788764,-1.09599626707466,-1.9617075988853,-174.206948624924,20.180439222604
0.790341067843457,0.0377883991710788,-1.11989972139762,166.170093035325,75.4365745000541
1.63661357028329,0.310480749443137,-1.32775547560413,-148.411190332845,22.7266241563484
-0.173353256597626,0.436523478910183,-0.853623696727242,89.2884229402989,-67.2383418353274
0.0636776493398148,-0.458365332711106,-0.693304527930666,120.962956510484,-64.3245051708072
0.159681433724246,-1.06332613397119,0.38230514254637,-174.24700750038,32.6958948746324
1.00959274772658,1.26318517608949,0.982113002522641,127.03013936989,76.1444670846686
0.894925262551937,-0.349650387953555,-0.727383529087535,18.1070154625922,-62.882562763989
0.138715430665482,-0.865512862653374,-0.996838982378005,-57.7125329710543,69.2724321316928
1.73041313870547,-0.236279568941097,-1.04168885898951,-62.7473261207342,-8.96712819579989
2.13512421117982,-0.197175894348552,-0.414588726363674,50.119240321219,-81.5994013287127
1.13714353940916,1.10992028971364,-0.239029068152564,-133.974973205477,58.2242480339482
0.615668015011548,0.0847372921971965,0.483617533838269,-67.9964034631848,83.9314204221591
3.13940173916788,0.754053785184521,-0.32132484216839,29.9097383581102,55.33124207519
-0.974810087263509,-0.499292017172261,-2.07848926886002,93.3106458932161,-36.6745092580095
0.879148738589587,0.214445309581601,-0.0914342755501383,18.6131310369819,-54.3794272234663
2.44879951175521,-0.324685911490835,1.18718681065156,67.6034299191087,-53.6988733476028
2.91177651105001,0.0945835281735714,1.19160126851033,-46.3448384776711,-27.0877164322883
0.676993602401485,-0.895363357977542,-0.78896321811123,146.428868472576,-49.6647245809436
-0.447917214184745,-1.31080153332797,-1.54777654363757,171.26471654512,-60.3914921963587
2.02580997972923,1.99721338474797,2.45806049186527,95.7939053233713,-73.3086088160053
0.87651924573474,0.600708823672418,-0.162421942479419,-175.584199083969,23.9219807367772
1.48103556802321,-1.25127136162494,-0.0974512501056172,8.13743130303919,51.261901804246
-0.421587645656827,-0.611165916680421,0.420574188698147,107.656650524586,-79.2919263336807
0.908739364516636,-1.18548008459731,-1.61403945661912,-105.315994676203,-74.8260621540248
3.59736408703305,2.19881034888372,-0.728219111191288,-40.938557786867,-89.2300097085536
1.75455294203796,1.31241297643351,-1.54044240529001,15.257800379768,-64.4002713309601
1.84733702035228,-0.265145056696353,-0.693094614010595,87.9311095923185,77.2548666642979
0.650970446567997,0.54319405923209,0.118849433004561,-60.0003245752305,-60.8607318392023
1.70818070871497,-0.41433994791886,-1.36470945798691,-63.0305142514408,87.9302069870755
1.5386693136009,-0.476246894615578,0.589982679367313,-27.4525067489594,36.7601867252961
-0.706128401308601,-0.788602837850243,0.289344028817336,-80.5315143428743,-31.5823401371017
1.90356573469818,-0.594617267459511,-0.904215025620639,45.3924538660794,-30.9446579776704
1.76329561994262,1.65090746733669,0.226324942381064,-164.304775837809,49.8063736315817
1.02670653962046,-0.0540281250854405,0.748081162493843,38.3525232318789,-0.251436936669052
0.978905085452314,0.119245236427584,1.06109525326174,-29.862325116992,-0.538767026737332
0.83160804093503,0.243687429599092,-0.212848278646528,-164.297151910141,-42.0525287697092
2.28217461095937,1.23247587848534,-0.0936367939110456,177.626786576584,77.3642582958564
-0.617267749685084,-0.51606383094478,-0.0867141349819251,45.5619747564197,31.9582409597933
-0.362581119315108,-0.992507150392037,1.44146175605504,121.982454601675,37.8467697976157
2.82882680990432,1.67569693240319,1.12507189227799,-37.0495332498103,-39.2770665558055
-1.77737569308065,-0.441163216905286,0.834401567757039,163.112034872174,14.5245497301221
-0.980176723357946,-0.723065969939874,-0.287340799840693,-43.776799114421,81.7662247968838
-1.26292848295353,-1.23627311888329,0.373241434166406,115.162231503054,-83.5202612914145
-1.73784937136588,-1.2847157223178,0.403290331220696,-177.398441489786,1.842469596304
1.27290624414477,-0.573973479297987,-1.04167329428932,134.547355519608,64.9054719787091
1.01995165857343,0.617985817166529,-1.72830451532074,-153.380162324756,-40.0513739464805
-0.469217582480683,1.10984813892972,0.641830027651616,114.013530313969,-24.6871656412259
1.38729507734215,0.707588353835588,-1.52931053118042,30.9754931554198,74.9731505569071
0.317933804303729,-0.363657297095253,0.00168368848420991,65.7886876165867,-75.5576326092705
1.82951107728129,0.0597499373846007,0.250247821348331,77.0967804919928,2.29043471161276
-0.83658952403465,-0.70459646368007,0.563867390305883,-79.162099706009,-14.3931877054274
1.53068685522504,-0.71721816157401,0.189426237514811,62.4648809619248,-61.5510960202664
2.32593925669928,0.88465049897692,-0.732853806297125,-73.0658237636089,-9.07956162001938
0.253968336784071,-1.01559257860354,0.986365859895462,25.5764789041132,-59.46826742962
1.19011937200759,1.95529396549246,1.73863376690625,-160.305774696171,63.9444975508377
2.61705856204772,-0.0903195939658516,0.881178808925443,-54.8609699495137,33.8639707909897
1.59045549960341,0.214538826629216,-1.94365090132398,-0.835529649630189,-68.1254574470222
-1.83559260359088,-0.738527704739573,1.39957618540294,11.408034497872,-68.5591179644689
0.353449360652769,-0.57438868976327,-0.056055946186268,113.676615860313,-38.0621020216495
-2.14553126037203,-1.31701613230524,0.52491427931929,3.71752794831991,79.2424074746668
0.356539602753827,-0.182925388372727,0.62203323587106,125.620488580316,77.6952665252611
0.941964742711964,0.418982404924464,-0.0966860732067051,33.9094307553023,-57.0728684077039
1.96385212502713,0.32430434416138,-0.0752631976487263,13.6423048842698,74.3172733811662
1.07851987529442,-0.781536487054751,1.0191570693309,45.7345488388091,-78.0375903239474
-0.570483118330229,-0.788621970854002,0.711601922486244,-74.8894285876304,67.973178550601
1.10727121988747,-0.502198718342861,0.990262246044231,24.2060897871852,-79.4141056062654
2.90629363697675,1.49606066984635,2.38292669523033,179.819993684068,81.3052572123706
-0.893311660483468,-1.13730362066574,0.664415863694087,151.363428644836,-61.1875065788627
0.142140010780917,-0.179051594380198,0.207381157385307,96.9635497871786,14.5503641897812
3.83585775366951,1.90236182167893,-2.21063311057562,123.743776185438,38.0550042260438
0.294753860707054,-0.100974885328808,2.69171400324612,152.020752662793,-39.5419467240572
0.60570544392606,-1.35984070382139,-0.482676821796308,36.2844492215663,-85.2062979200855
1.16044833179969,-0.664769435274062,2.37473471509539,-47.5913058500737,37.9120414378121
1.6630580322988,0.485459978904878,0.374643568004988,88.9212602935731,-33.7055726023391
1.28968991317052,-0.375602871669773,1.53843019889679,-5.45013388618827,63.9246701169759
1.20631746785024,-0.561876363549783,-0.109710321176239,-178.268103925511,-5.07252478972077
1.00504537609665,-0.343917234128459,0.511470754698125,62.3312804661691,88.5785091435537
1.39429436200311,0.0904966471392212,0.213957979642262,-34.6868717204779,-75.9844897035509
3.62596653118679,1.59850877114583,-0.186120699373496,163.145532477647,-85.5525352293625
-0.0369938160350135,-0.088565112138884,-0.120393824622494,-131.626289002597,13.5303311236203
0.455606567010443,1.08079949615152,1.01283433584425,-44.0208196174353,19.3795167747885
2.15698674000911,0.630754115650567,-0.2014581469715,143.948531812057,-89.2142623336986
1.40070316779421,-0.113639895506141,-2.0376824944408,109.202763559297,43.8659989088774
-0.0935496159785698,-1.5329020028906,-0.195889248829828,2.31384381651878,-81.5801903419197
1.1624463414685,-0.52111731755252,0.539790605536274,-173.486255072057,-3.91876105684787
1.17646197043286,-0.489870453138474,0.61645571635144,-89.9016724806279,78.9399082353339
0.590082697604214,0.0471544327615272,0.616567817477434,-69.844266101718,-79.265215722844
2.23524552939708,1.30019867766682,-1.69210152086908,58.220654334873,81.6553623089567
2.79743917066939,2.29307897383109,0.368742058011194,-144.656280353665,48.7449187925085
3.01072487349764,1.54758105898377,0.967859209947064,167.504562344402,63.2788920449093
0.936526110775552,-0.133150964328944,1.27657868146766,132.200516844168,-50.7663717772812
1.09527397569032,-1.75652739555764,-0.224961271044116,-77.4494743812829,89.0050945803523
0.777907014177474,-0.388779864071743,-0.321892586182801,-23.5125943366438,34.8341508535668
1.75068203411598,0.0892072230732945,1.48783783187804,-57.2583448793739,-38.3160373102874
3.05939112800499,0.845013004067436,-1.66792804577932,-54.6732089482248,57.2296379925683
2.51315482876142,0.962527968484271,-0.436829976913125,-70.4976414889097,82.6964026456699
1.8249096265044,0.684309429416465,0.457462079357455,149.225748544559,72.0758704980835
0.0892302526322757,-1.39527434979947,-1.61777376538123,-77.9116135463119,-67.1689135255292
1.48678856860793,0.849643045633355,0.279627862431757,132.425034837797,-79.2661021091044
0.308790516251031,-0.446557216427222,1.87786402105219,114.00886612013,57.314327233471
1.18994924683919,0.174802700161256,-0.00406065343634058,-113.548635514453,64.856947590597
2.08640161761428,0.0745511771737346,-0.278454024963586,-98.1984684895724,-81.864066501148
1.09074277457976,0.428166764970505,0.474911714034054,59.6253013797104,-49.5845078816637
1.03308471590928,0.0246749828261399,-0.279072170787307,-11.4914682973176,36.8672282807529
-1.06231927785791,-1.66747509758566,0.813400374079065,-140.529576977715,-72.2347808210179
1.17952980394052,0.736495964773442,0.904435464449695,-127.566612856463,-87.1396065177396
1.23924811400686,0.386026568349676,0.00269166123012091,-65.8172399830073,73.0135519523174
-1.17324942679707,-0.265651625278222,-1.17669215774973,38.5930794104934,-81.1739754863083
0.125150129860754,0.118144511046681,-1.31822072745909,160.925494395196,67.3481168970466
1.21264321603941,0.134038645368463,-0.592997365655317,-27.8689789585769,-68.29734781757
0.672317649819352,0.221019468561002,0.797380500549836,153.535888278857,-17.2504576714709
1.69926915697163,1.64084616597749,-1.95820517465693,-144.12920624949,-48.6138630425557
-0.600880931570036,-0.219050378933476,-1.88632515873255,131.864025257528,49.7223736764863
0.97621703462233,0.168065383884658,-0.653779824760103,-86.2242370191962,13.7385298870504
2.46988440975538,1.16838387306909,0.394394847980585,-77.7483362518251,-54.9351440090686
3.8906532650786,1.05418102337692,-0.913566048164992,-120.291117215529,-13.5436751134694
1.61172898346613,1.14526311038036,0.886749037096059,-169.215613882989,-10.8044287143275
1.93119944873352,-0.577468001059557,0.333369970155182,-144.677289091051,73.5923618450761
2.73620022734181,2.00248273029283,-0.17063961823861,-136.851209364831,-6.72038960270584
0.923244360044172,0.066700870930183,0.81882813653178,-110.105960564688,77.6876119617373
2.70179724026843,1.86685184470686,0.388365162819368,118.65333491005,-19.8981193313375
-0.817518885921841,-1.35090268603071,-0.445935027212156,-174.48686638847,54.9474204797298
0.895734175863058,0.0209835863542375,0.23111493441816,-41.1512733902782,48.3400295767933
2.71412534817435,1.24991457096922,0.647513357977592,149.168163528666,-28.6366878217086
-0.42880454008904,-0.715242187222796,0.356283344862047,-174.497160874307,78.8208189513534
0.273645817922689,-0.752688968217742,-0.658010207949479,-68.5256395116448,0.689630387350917
-1.15516237486403,-0.938538703606894,0.855202205064192,-25.7390318345279,-31.6300845472142
0.16646070531078,-1.05251327933874,1.15293622555862,22.367183631286,-10.3238199837506
0.992189788881702,-0.437159533180399,0.276274556543337,151.475568115711,-2.34477404505014
1.87005929085261,0.331179172958982,0.144104662462187,6.092070909217,61.488475324586
-1.80849090561953,-2.01421049792072,-0.075625080779838,86.4143891260028,80.848694066517
0.628394627561761,0.211980433372292,2.16141584630279,42.42461130023,-5.33343377988786
0.962387685842673,1.23667504641657,0.276315532135793,-105.930176535621,-23.208842924796
2.67716277448631,2.03757401824044,-0.158294028699944,3.12805468216538,-49.3364672502503
4.13594005442573,1.30117599220059,-2.50791780219725,-158.017554776743,-89.1708072787151
1.57147905361165,0.756774763795962,-1.56528176503053,98.820766042918,37.6987243909389
0.35860096183053,-1.72673039911433,-0.0776732006105648,-106.471128975973,35.3463016916066
-0.29276216394205,-0.601506708006782,0.206294044843098,128.546494049951,-87.35490873456
0.156772886625117,-0.352046456582617,0.276872458861614,4.95785356499255,-56.2171154469252
1.75508883865755,0.703523902756894,0.821506780448618,-89.4163149408996,6.63372604642063
0.29459638513525,-0.105671334003774,-0.194152409320457,112.589800860733,-61.37834767811
-2.07426037593834,-1.25864862806017,1.21458879448256,-155.879079233855,-45.7182021997869
3.8891718145495,1.68443570809411,-0.921516042869578,-170.570347616449,76.0166986333206
2.45200308744954,0.911391291795963,-1.20844272044307,34.6522723976523,-24.6411706181243
0.975000630698875,0.237430272491026,-1.22898617755381,124.881755914539,88.7071281904355
-0.242281006325907,1.21810861032581,0.742297024186518,-17.1363018918782,40.6304357154295
1.85606632431309,-1.33877428723497,-0.082919942339226,0.7838318310678,-63.1403157161549
4.68208168295723,0.6608202977898,0.789817921820499,-104.522541342303,16.5423644660041
0.869462432771844,-0.522912376313422,-0.267706421557085,77.6110285241157,62.7723880112171
2.5743706956556,0.683745521850712,-0.591892102212813,13.0968192592263,42.1190022910014
2.28640852088405,-0.0608219546600742,-0.368352575126506,-162.309805685654,-6.75074541941285
1.36034918415907,0.632960713031451,-1.85261682424173,116.177356922999,1.99563982430845
2.06810244061521,1.33551761505939,-1.16961526041411,-89.101272476837,10.1491118688136
-0.288678570484142,0.0072900903168988,-1.44203464635845,7.72161623463035,-53.8567832484841
0.761171995697197,1.01755863695209,1.05432227197535,-62.2828438784927,70.0543694850057
0.850861582176571,-1.18843403514798,-0.5973300913628,-140.267217122018,-62.210881090723
-0.104837497426737,-0.721604440436015,0.78945985279018,126.623581526801,15.2279209904373
1.54621545441988,1.51921771138818,1.51649060169196,44.870413262397,-3.4313445026055
1.24688326964961,0.377387973023929,-0.191774809109942,125.303768562153,-54.4890213618055
-2.59060891074829,-2.05222282043373,0.283878906352351,-134.635747885332,86.1164048407227
1.27172022838459,-1.36403745208238,-1.75106751939608,60.5705805681646,-32.5743365334347
-0.358516768150777,-0.200781015589121,-0.818669777519803,38.8558909669518,-81.9380347011611
1.46718890623709,0.865779404334488,0.0562148493828386,160.439888667315,45.6634963257238
0.390203862368146,-0.101883255715222,0.299086903336152,29.0247943717986,12.034610803239
1.50857559594999,0.624187472020653,-0.759398117298882,-70.8721729181707,-88.2455414347351
2.42171254719801,0.959005377787825,2.6848589992268,156.520489454269,-35.8642672654241
1.8923009869027,1.67105482886294,-0.458390139092389,123.969370415434,65.3931374335662
0.242442723919062,0.0560167332749619,0.0642435566300379,-27.1535922400653,-48.2132938178256
-0.75617708003462,-0.051981906180899,0.649791867153518,-5.160569306463,-79.4628352671862
-1.20048237849287,-1.75323735914227,-0.0260186347739953,96.6672547068447,37.9889840818942
0.106347584010658,0.0993275940878275,-0.643567387027114,-89.1803454235196,1.57473543193191
0.636874450742854,-0.571850057895563,1.04530566396331,112.334386166185,-17.1095329010859
-1.12687550921331,-0.974009582804091,1.6155453232072,115.95434691757,-13.5874947393313
1.16902524150505,-0.17990623104754,-0.0296939710498354,-29.7586650308222,74.5138412062079
1.49684684672609,1.01494317274366,0.562267345403066,149.895340315998,72.3611684795469
-1.99853722131088,-1.99274848868858,-0.0974124985026302,-154.484757687896,-50.748249180615
-0.437367780797689,-0.427279287205429,1.01645521770216,111.634590541944,13.4810184594244
2.3252725002018,0.116637283582706,-1.15616739425985,-5.07439034990966,-82.68243546132
0.492251962712263,-0.893207570054953,2.32086022399448,-70.1154989562929,7.307552061975
3.45375500263651,0.333902942499225,-0.603531247788338,42.434579981491,-69.6908767707646
1.76321845242423,0.411429920615731,-1.45884941443809,-65.068786488846,46.3416961859912
-0.416980393245012,-0.0330361592759917,-0.35091782719307,54.8412529472262,-69.9940476939082
-1.78514812726668,-2.46589819376003,0.146708484145002,149.705390296876,-53.2594078173861
2.97856865922939,2.57145814586664,1.62362120768023,24.8684512451291,48.1866863882169
2.46253402588877,-0.2052992574682,0.91120967677132,49.6406541019678,-13.9779602503404
1.58822621909612,0.65119328158767,0.142458432045787,-30.2148069441319,8.45171654596925
2.77624507515416,0.273766491036548,-1.38948352398816,106.7796544265,68.4933907259256
2.84763121594858,1.02467323481835,-0.866037744672114,130.419429894537,40.9733012784272
0.535021414650726,0.817659446374088,-0.163284932229294,-47.7298360783607,45.512313991785
-0.104855023285843,-0.209793171228509,2.55302611346059,-4.34211493469775,18.1330110132694
3.16586402638001,0.378167772208507,-1.86022757421841,142.686673924327,-71.8079869262874
0.780452649142993,-0.945408831123893,1.13105465184602,-13.0237740743905,58.720087101683
2.30750482745743,0.856923010899318,-0.527234257233921,-104.641920346767,42.8848121501505
0.60848630427317,-0.461038338884354,1.66599089998742,63.4522665571421,68.9356177160516
2.78377357481319,2.41677335378821,-1.1392006399734,84.2867331113666,-74.8502985108644
-1.68331140029358,-1.65104889568819,0.143623234662747,54.969898480922,59.3050506105646
2.25410127896932,-0.463987242966015,-1.09955094170275,-105.510881636292,-40.5330680496991
-0.0309705293680373,0.825379862759242,0.903516426361675,165.877754548565,-29.841145221144
0.0240762711756755,0.510132546878663,1.48377948873809,-177.51702060923,69.6666679903865
0.572163859787495,-0.589481038515,1.95072100640115,144.779958855361,-55.5613067094237
-1.29889934043247,-0.996780742207522,0.797600657589519,-147.72857031785,-87.8055592020974
0.0107302741224193,0.144475704710697,1.84326625457782,121.354119731113,36.9619598379359
-0.568172609914502,-0.0143074131669134,1.24642390866165,19.5141749829054,-83.228630614467
0.228001041464907,-1.79028123726406,-0.131874911824015,37.2300948668271,58.0545944161713
1.33084269885977,0.034551067133851,0.4770372382847,112.089957464486,72.6182170584798
1.86566720927043,0.190230315692457,-0.971994211475933,-85.329135004431,-60.037629827857
1.63780654055141,0.174726396981842,-0.185202169400994,-165.619099326432,-52.6328159216791
0.346942999792147,-1.05501704260268,1.22096370834882,-130.216549448669,53.2584313675761
1.85787787156792,0.476133278302629,0.54128414348235,-142.059660125524,70.7753336895257
-0.00301264659442824,1.37857013695924,0.45735733162533,-116.853904584423,-46.1370687419549
1.52761207309014,0.456236403179813,-1.03813103968721,166.024783859029,-12.0252188807353
0.385347005352661,-1.13558847037434,-0.604513230334117,-110.149689037353,-18.3324048388749
1.60554163102031,-0.435645469691905,-0.764606013753569,-60.4149235971272,29.8066994966939
-0.0291919413664492,0.346103619553607,0.395295870013499,69.2282334342599,-35.0645585171878
0.279915594269439,-0.647045631318269,-0.990507630466559,69.6479097101837,52.5547646870837
-1.9683724757931,-2.15764633501528,0.562041390099052,-77.0016282051802,-28.5791772371158
3.09956579231231,0.884250820028209,-1.11641641193354,-72.3170687723905,-43.6581231001765
1.06693135646911,-0.829477611624518,1.82853045813536,-25.216590994969,-89.2869258066639
1.19065110390118,-0.573560270768283,0.460591349478104,-42.2535021230578,-21.5390043240041
1.19101818830262,1.50390060900454,-0.70100361225327,146.45394586958,17.8967823693529
0.760322393301963,-0.774144929605405,0.241045932501223,12.514067357406,-28.9736301451921
2.93277037830074,0.845731540189296,-0.352453199227956,38.6666536610574,-58.3588366303593
0.0480502897535417,-1.26068287881878,0.371147959759657,1.57429911196232,89.5624838070944
0.0771969290167578,-0.354542403073978,0.2435327187603,1.58785315230489,-42.228070423007
0.15927119587791,-0.0735560191364783,-1.01411417266147,-27.4853845965117,9.03460461180657
-0.362829771453799,-1.16865142442436,-0.79131387881947,-101.687507349998,-65.6559600541368
1.11717163860034,-0.634748264908909,0.299593684739564,-65.0699213985354,32.7279989048839
0.0535500846499523,-0.0288415529283144,1.63905190875156,-93.0167540721595,-8.93680821172893
1.43878661232596,0.67069596873393,1.08461700867092,-179.585141390562,-24.0039781294763
1.16187880301565,-1.65054654342511,-0.624567473618094,-99.4258220214397,-20.496358727105
1.05075467860619,-0.349754239211268,0.825922901647494,168.89926392585,-17.1951850131154
2.98436843813681,0.756406438545484,-0.0485683527562885,-24.3349685054272,58.9616497792304
-1.223021226158,-0.538809159977592,0.301313651718405,166.790566267446,74.8826624220237
0.823048810403594,0.227291921672942,0.260361490736558,-87.9047583136708,47.0165268983692
0.686215946426721,0.492228570064431,2.57544976372339,-131.245005950332,-23.8772372575477
2.14844394705003,0.267835015331683,-1.18528881058722,22.5331295561045,34.4498569378629
0.323123564344278,0.653257679471382,0.100919859012857,-24.0302372071892,1.44588236231357
2.24201111305567,-0.12270866097738,-1.77997728796762,130.64188552089,-86.5033312607557
0.79949808840101,-0.41367651359212,0.589835922958758,149.571700030938,26.4418451953679
-1.17969568953489,-2.64314895202898,1.0966084717214,42.5912152882665,22.1413796022534
1.00043330449112,-0.092941018479472,1.44566224110115,122.735027214512,-30.0652003241703
1.80541289276213,0.430284696359987,-1.92514525183712,-76.2281574122608,-85.2683694334701
2.23003432203542,0.53539884086815,0.41276949719403,143.686272455379,85.490524652414
0.725996107265793,-0.555278351313252,1.59336995138365,-129.202832439914,88.4294742532074
2.39759771256511,1.77950290977515,-0.414015863042303,-128.909929180518,-76.2156344298273
2.33316171466834,0.286424419628825,-0.212150532081949,28.6443284712732,6.83007707353681
1.40457253837471,0.126315858458886,-0.0365372222047413,178.207476530224,86.0134937614202
2.57705919758437,1.27226677946852,0.365018751433036,12.0527468528599,-70.2585505088791
-0.36849858140342,-0.718466221319259,0.665159875745969,-133.736192984506,-24.7370079578832
1.82481467273271,-0.450338623924712,1.31782088371148,-116.237014196813,-0.0325155816972256
2.94261931682332,2.39745248004976,-0.0954875904449924,98.8380983937532,74.273112276569
1.79786270502845,0.011129187220888,0.196278045472469,54.183996822685,12.9709502309561
1.46033884806752,1.63356842140831,2.48799787722146,20.2226541750133,-85.896976548247
-0.559764901346715,-1.43850664491452,0.431098928114991,88.3825749903917,63.9413326699287
1.57539887084674,-0.190516802042901,0.188753109329833,-56.4433646388352,59.4871635083109
0.120795415903326,0.378423903636832,-1.34224312528345,-39.1535174287856,68.067191359587
1.717540169672,0.300038545205798,0.00285604762222659,-53.2117577455938,55.7283940818161
0.655455211336209,-1.00563625951084,-0.221326153166881,44.2051579523832,-89.9882393935695
-1.67660820048141,0.0192592746253708,-0.0110458298093738,-122.131465142593,-71.6713680652902
0.679066098425021,-1.07742065311198,-0.575417641271167,-91.2832083553076,60.2686578361318
-0.392210391418769,0.712703325244282,-0.686815652442701,161.160811632872,-50.1934686955065
2.74385653832727,1.08477508986065,-0.720773631820122,175.802984945476,-84.5250522019342
-1.16955253595119,-2.22498769648741,-0.214504515399774,12.8386723995209,13.810683907941
0.883178150196632,1.23569346230014,1.36813264802863,-163.689232841134,46.2383568752557
-0.314407888587256,-1.24104449680849,1.04908662655933,36.8159236572683,67.2577306861058
2.84485999555301,0.454769268982633,-0.359975117943056,79.8045542277396,-79.134135497734
1.39837396965781,0.659902638142608,-1.68591645453874,29.888235507533,-50.0690954178572
1.65156646002842,-0.199889828101433,-0.844583428535954,9.53043990768492,-15.4754690174013
0.962394862906196,-0.645113956859792,-0.457760533240508,-52.6439715642482,-15.9606666304171
-0.0783532134164082,0.16532102124205,0.103638004228304,-151.177757335827,14.2902593594044
-0.191184874052163,0.438818700714454,-0.662607275700815,-133.778586136177,79.55081126187
-0.887947722529746,0.883302819948705,2.00668069083189,-48.2848597224802,87.7677475148812
-0.00891511532816791,-2.05233698390195,-0.272267534418351,36.0527383815497,-66.6363872028887
0.0203378650933347,-1.63637926805902,-1.21394447023951,-94.3763872794807,-40.5225033313036
4.03727210374592,1.43040234118818,-0.141261757282513,-173.467420432717,59.1089079156518
2.71259146043031,1.04662884711155,-1.00537758159341,-68.4457453060895,88.4265694208443
2.15108033802616,0.435288948907682,0.156155707275326,-151.915442431346,31.176100471057
2.83643622679684,0.71517840711106,0.233633614089869,-89.6715275477618,-76.0699683940038
1.12634455265931,0.917174917641003,0.355587611628384,-129.285021778196,-65.8073870139197
-0.132082832806791,-2.66092279846568,-1.62185825912421,-46.7586906719953,-29.1425798507407
2.69080156026402,1.11027709663882,0.220711290970649,-129.468436511233,-44.6203835634515
1.88822658659067,-0.484987596562325,0.310450080541646,24.478799784556,-44.8517455067486
2.37347714508268,0.230616830631202,-1.42110844750449,15.3649464994669,50.9882251638919
0.898411240411348,-0.295157800883577,0.955365639730411,-121.070490209386,-58.7184605514631
0.59409665226347,0.871964954078744,0.784170879094338,160.211787326261,17.6947048259899
0.760896593446871,-0.348472448955611,2.29961936115445,45.321323024109,34.4849479850382
1.86805798891617,0.518503765888248,0.156702987375728,-156.655738251284,76.1284078611061
1.30768221254033,-0.390684978638979,0.0467335275180007,-114.869420612231,34.1954971058294
0.520439528066321,-1.09278720910151,0.0965858340824363,60.3857287578285,-40.7413841597736
1.74524049437212,1.21001051044026,0.0697662309003006,146.421675710008,-88.0298712942749
2.07039594318671,0.740900011274274,-1.84847277533767,113.694737870246,-82.2204724419862
3.56811202219935,1.72426223915645,-1.67112705864224,-20.7092016935349,-59.7783959191293
1.24701634302534,0.0651539325793032,-0.0775389667912034,-121.967490809038,63.4753487678245
1.2442138365055,1.12500274582817,-0.581067380566498,-120.321714011952,-81.7355976998806
2.27375516589237,1.97541905401908,0.0547365250574253,-7.57948681712151,-41.1502254428342
0.0890510957704771,-0.281482115038967,-2.11120837326053,-37.489434722811,70.009731114842
-0.575783316515057,-1.32295111275522,-1.49869825452676,106.171077461913,8.6207930278033
0.994352707835612,-0.239351567138116,-1.10148343893874,97.141353758052,54.8671659361571
-1.26518301468131,-0.214041239985383,0.986058221060247,-36.3006168231368,82.2953913593665
-0.237651068857088,0.15168050450932,-1.09849000709012,46.8708461523056,34.1539344750345
3.71226336736447,1.71230497731928,-0.799513953576531,-31.4391187671572,-17.795956581831
0.138503816182066,-0.326143892505348,0.0798738186740527,-48.4593297913671,84.787351959385
-0.456464096360023,0.373004655804915,-0.322746361825109,43.5077577922493,79.087654449977
0.661064355054211,-0.227684064895531,0.146417178667962,164.144891621545,3.29080425202847
1.64591123942783,0.0204507085250325,2.30506198204569,-8.6138856690377,-65.4677682230249
2.25088152911712,0.314057663506262,-1.12460367125824,43.3669574931264,22.8124791523442
2.59559584715617,1.32821469603699,-0.305469639909805,-75.8793286699802,58.0769971897826
2.43582844919558,0.121318377490778,-0.516759449743733,-33.2756199873984,-65.4722360288724
0.345053786874261,0.712842320031113,1.51239542683245,-19.844213007018,17.5442740134895
2.58362269204595,0.778860029783535,-0.769484922890278,-77.9278716724366,86.9335322314873
1.16935907203836,0.914773270855634,-0.0820869037757183,169.250023858622,-48.4864833019674
0.305108460318195,-0.574394552184383,0.787133614322708,137.735582124442,-14.8733301926404
4.83354745148039,1.62688121419468,-1.0585905359484,111.186230722815,-71.9512201147154
1.16811625955145,-0.380956739294013,1.65517581574201,74.9615234322846,-39.8679473530501
1.48065165495514,-0.105784167649752,0.675762415474246,-115.127422967926,5.49836846999824
1.33717428521228,1.40405026771417,-1.07420660953035,-156.968744499609,-33.4584975242615
1.11265786220443,1.29408390614558,0.454577809057738,-141.630836091936,18.1263730907813
2.47611512530253,-1.08999187241124,-0.213307143233068,125.346354581416,87.6776433130726
-0.885726195905582,-0.873071000417463,0.313228771994335,-50.6051249150187,19.6706674620509
0.15500868689328,-1.35807905937061,-0.0899751970156634,102.60021421127,-63.767281905748
1.71689400269944,0.181847192619832,1.07051603677834,146.893983967602,36.7769628530368
2.55596078238803,0.164840867918466,-1.35110038570333,48.0328984558582,32.2524547297508
2.53718876996206,0.364114687355063,-0.522616697195916,41.4418638311327,-31.9349042326212
1.35335438481625,0.552157714218558,-0.249190677755399,-155.685634547845,-13.8031846191734
